n_estimators,learning_rate,max_depth,num_leaves,min_child_samples,subsample,colsample_bytree,reg_alpha,reg_lambda,CV_R2,CV_RMSE,CV_MAE,Test_R2,Test_RMSE,Test_MAE
2270,0.01596950334578271,15,129,14,0.5909124836035503,0.5917022549267169,0.3042422429595377,0.5247564316322378,0.8761113487675667,15.68155202511345,11.49505728357273,0.876117352307724,15.748034859569074,11.566730206111544
